{
    "ganhos": 259.2939999999999,
    "perdas": 230.6,
    "lucro": 28.693999999999992
}