{
  "crashes": [
    2.87,
    42.73,
    2.06,
    1.45,
    1.0,
    4.97,
    2.33,
    7.57,
    7.07,
    1.09,
    1.25,
    5.39,
    2.29,
    4.26,
    2.87,
    2.78,
    9.69,
    3.71,
    7.07,
    2.71,
    5.37,
    2.57,
    2.43,
    3.34,
    1.0,
    1.63,
    1.33,
    1.06
  ],
  "estatisticas": {
    "total": 28,
    "azuis": 8,
    "rosas": 1,
    "megas": 0,
    "pct_azuis": 28.57142857142857,
    "pct_rosas": 3.571428571428571,
    "pct_megas": 0.0,
    "crash_mediano": 2.78,
    "crash_medio": 4.781785714285713,
    "quantil_50": 2.78,
    "quantil_67": 3.71,
    "quantil_75": 5.37,
    "max_visto": 42.73,
    "classificacao": "fria"
  },
  "capturado_em": "2026-06-04T15:13:33"
}